Tên,Thành Phố
Ba Đình,Hà Nội
Ngọc Hà,Hà Nội
Giảng Võ,Hà Nội
Hoàn Kiếm,Hà Nội
Cửa Nam,Hà Nội
Phú Thượng,Hà Nội
Hồng Hà,Hà Nội
Tây Hồ,Hà Nội
Bồ Đề,Hà Nội
Việt Hưng,Hà Nội
Phúc Lợi,Hà Nội
Long Biên,Hà Nội
Nghĩa Đô,Hà Nội
Cầu Giấy,Hà Nội
Yên Hòa,Hà Nội
Ô Chợ Dừa,Hà Nội
Láng,Hà Nội
Văn Miếu - Quốc Tử Giám,Hà Nội
Kim Liên,Hà Nội
Đống Đa,Hà Nội
Hai Bà Trưng,Hà Nội
Vĩnh Tuy,Hà Nội
Bạch Mai,Hà Nội
Vĩnh Hưng,Hà Nội
Định Công,Hà Nội
Tương Mai,Hà Nội
Lĩnh Nam,Hà Nội
Hoàng Mai,Hà Nội
Hoàng Liệt,Hà Nội
Yên Sở,Hà Nội
Phương Liệt,Hà Nội
Khương Đình,Hà Nội
Thanh Xuân,Hà Nội
Từ Liêm,Hà Nội
Thượng Cát,Hà Nội
Đông Ngạc,Hà Nội
Xuân Đỉnh,Hà Nội
Tây Tựu,Hà Nội
Phú Diễn,Hà Nội
Xuân Phương ,Hà Nội
Tây Mỗ,Hà Nội
Đại Mỗ,Hà Nội
Thanh Liệt,Hà Nội
Kiến Hưng ,Hà Nội
Hà Đông,Hà Nội
Yên Nghĩa,Hà Nội
Phú Lương,Hà Nội
Sơn Tây,Hà Nội
Tùng Thiện,Hà Nội
Dương Nội,Hà Nội
Chương Mỹ,Hà Nội
Thục Phán,Cao Bằng
Nùng Trí Cao,Cao Bằng
Tân Giang,Cao Bằng
Hà Giang 2,Tuyên Quang
Hà Giang 1,Tuyên Quang
Nông Tiến ,Tuyên Quang
Minh Xuân,Tuyên Quang
Mỹ Lâm,Tuyên Quang
An Tường,Tuyên Quang
Bình Thuận ,Tuyên Quang
Điện Biên Phủ,Điện Biên
Mường Lay,Điện Biên
Mường Thanh,Điện Biên
Đoàn Kết,Lai Châu
Tân Phong,Lai Châu
Tô Hiệu,Sơn La
Chiềng An,Sơn La
Chiềng Cơi,Sơn La
Chiềng Sinh,Sơn La
Mộc Sơn,Sơn La
Mộc Châu,Sơn La
Thảo Nguyên,Sơn La
Vân Sơn,Sơn La
Lào Cai,Lào Cai
Cam Đường,Lào Cai
Sa Pa,Lào Cai
Yên Bái,Lào Cai
Nam Cường,Lào Cai
Văn Phú,Lào Cai
Nghĩa Lộ,Lào Cai
Âu Lâu,Lào Cai
Trung Tâm,Lào Cai
Cầu Thia,Lào Cai
Đức Xuân,Thái Nguyên
Bắc Kạn,Thái Nguyên
Phan Đình Phùng,Thái Nguyên
Quyết Thắng,Thái Nguyên
Gia Sàng,Thái Nguyên
Quan Triều,Thái Nguyên
Tích Lương,Thái Nguyên
Sông Công,Thái Nguyên
Bách Quang,Thái Nguyên
Bá Xuyên,Thái Nguyên
Linh Sơn,Thái Nguyên
Phúc Thuận,Thái Nguyên
Phổ Yên,Thái Nguyên
Vạn Xuân,Thái Nguyên
Trung Thành,Thái Nguyên
Đông Kinh,Lạng Sơn
Lương Văn Tri,Lạng Sơn
Tam Thanh,Lạng Sơn
Kỳ Lừa,Lạng Sơn
Hà Tu,Quảng Ninh
Cao Xanh,Quảng Ninh
Việt Hưng,Quảng Ninh
Bãi Cháy,Quảng Ninh
Hà Lầm,Quảng Ninh
Hồng Gai,Quảng Ninh
Hạ Long,Quảng Ninh
Tuần Châu,Quảng Ninh
Móng Cái 2,Quảng Ninh
Móng Cái 1,Quảng Ninh
Móng Cái 3,Quảng Ninh
Mông Dương,Quảng Ninh
Quang Hanh,Quảng Ninh
Cửa Ông,Quảng Ninh
Cẩm Phả,Quảng Ninh
Uông Bí,Quảng Ninh
Vàng Danh,Quảng Ninh
Yên Tử,Quảng Ninh
Hoành Bồ,Quảng Ninh
Mạo Khê,Quảng Ninh
Bình Khê,Quảng Ninh
An Sinh,Quảng Ninh
Đông Triều,Quảng Ninh
Hoàng Quế,Quảng Ninh
Quảng Yên,Quảng Ninh
Đông Mai,Quảng Ninh
Hiệp Hòa,Quảng Ninh
Hà An,Quảng Ninh
Liên Hòa,Quảng Ninh
Phong Cốc,Quảng Ninh
Bắc Giang,Bắc Ninh
Đa Mai,Bắc Ninh
Bố Hạ,Bắc Ninh
Lạng Giang,Bắc Ninh
Kép,Bắc Ninh
Lục Nam,Bắc Ninh
Chũ,Bắc Ninh
Phượng Sơn,Bắc Ninh
Yên Dũng,Bắc Ninh
Tân An,Bắc Ninh
Tiền Phong,Bắc Ninh
Tân Tiến,Bắc Ninh
Cảnh Thụy,Bắc Ninh
Tự Lạn,Bắc Ninh
Việt Yên,Bắc Ninh
Nếnh,Bắc Ninh
Vân Hà,Bắc Ninh
Hiệp Hoà,Bắc Ninh
Vũ Ninh,Bắc Ninh
Kinh Bắc,Bắc Ninh
Võ Cường,Bắc Ninh
Yên Phong,Bắc Ninh
Quế Võ,Bắc Ninh
Nhân Hòa,Bắc Ninh
Phương Liễu,Bắc Ninh
Nam Sơn,Bắc Ninh
Phù Lãng,Bắc Ninh
Bồng Lai,Bắc Ninh
Đào Viên,Bắc Ninh
Chi Lăng,Bắc Ninh
Tiên Du,Bắc Ninh
Hạp Lĩnh,Bắc Ninh
Từ Sơn,Bắc Ninh
Tam Sơn,Bắc Ninh
Phù Khê,Bắc Ninh
Đồng Nguyên,Bắc Ninh
Thuận Thành,Bắc Ninh
Mão Điền,Bắc Ninh
Trí Quả,Bắc Ninh
Trạm Lộ,Bắc Ninh
Song Liễu,Bắc Ninh
Ninh Xá,Bắc Ninh
Gia Bình,Bắc Ninh
Nhân Thắng,Bắc Ninh
Lương Tài,Bắc Ninh
Tân Hòa,Phú Thọ
Hòa Bình,Phú Thọ
Thống Nhất,Phú Thọ
Kỳ Sơn,Phú Thọ
Nông Trang,Phú Thọ
Việt Trì,Phú Thọ
Thanh Miếu,Phú Thọ
Vân Phú,Phú Thọ
Phú Thọ,Phú Thọ
Âu Cơ,Phú Thọ
Phong Châu,Phú Thọ
Vĩnh Yên,Phú Thọ
Vĩnh Phúc,Phú Thọ
Phúc Yên,Phú Thọ
Xuân Hòa,Phú Thọ
Thành Đông,Hải Phòng
Hải Dương,Hải Phòng
Lê Thanh Nghị,Hải Phòng
Tân Hưng,Hải Phòng
Việt Hòa,Hải Phòng
Chí Linh,Hải Phòng
Chu Văn An,Hải Phòng
Nguyễn Trãi,Hải Phòng
Trần Hưng Đạo,Hải Phòng
Trần Nhân Tông,Hải Phòng
Lê Đại Hành,Hải Phòng
Ái Quốc,Hải Phòng
Kinh Môn,Hải Phòng
Bắc An Phụ,Hải Phòng
Nhị Chiểu,Hải Phòng
Phạm Sư Mạnh,Hải Phòng
Trần Liễu,Hải Phòng
Nguyễn Đại Năng,Hải Phòng
Nam Đồng,Hải Phòng
Tứ Minh,Hải Phòng
Thạch Khôi,Hải Phòng
Hồng Bàng,Hải Phòng
Ngô Quyền,Hải Phòng
Gia Viên,Hải Phòng
Lê Chân,Hải Phòng
An Biên,Hải Phòng
Đông Hải,Hải Phòng
Hải An,Hải Phòng
Kiến An,Hải Phòng
Phù Liễn,Hải Phòng
Đồ Sơn,Hải Phòng
Bạch Đằng,Hải Phòng
Lưu Kiếm,Hải Phòng
Lê Ích Mộc,Hải Phòng
Hòa Bình,Hải Phòng
Nam Triệu,Hải Phòng
Thiên Hương,Hải Phòng
Thủy Nguyên,Hải Phòng
An Dương,Hải Phòng
An Phong,Hải Phòng
Hồng An,Hải Phòng
An Hải,Hải Phòng
Hưng Đạo,Hải Phòng
Dương Kinh,Hải Phòng
Nam Đồ Sơn,Hải Phòng
Phố Hiến,Hưng Yên
Hồng Châu,Hưng Yên
Sơn Nam,Hưng Yên
Mỹ Hào,Hưng Yên
Thượng Hồng,Hưng Yên
Đường Hào,Hưng Yên
Trần Hưng Đạo,Hưng Yên
Trần Lãm,Hưng Yên
Vũ Phúc,Hưng Yên
Trà Lý,Hưng Yên
Thái Bình,Hưng Yên
Phủ Lý,Ninh Bình
Phù Vân,Ninh Bình
Châu Sơn,Ninh Bình
Duy Tiên,Ninh Bình
Duy Tân,Ninh Bình
Duy Hà,Ninh Bình
Đồng Văn,Ninh Bình
Tiên Sơn,Ninh Bình
Hà Nam,Ninh Bình
Kim Bảng,Ninh Bình
Lê Hồ,Ninh Bình
Nguyễn Uý,Ninh Bình
Kim Thanh,Ninh Bình
Tam Chúc,Ninh Bình
Lý Thường Kiệt,Ninh Bình
Liêm Tuyền,Ninh Bình
Nam Định,Ninh Bình
Thiên Trường,Ninh Bình
Đông A,Ninh Bình
Thành Nam,Ninh Bình
Mỹ Lộc,Ninh Bình
Trường Thi,Ninh Bình
Vị Khê,Ninh Bình
Hồng Quang,Ninh Bình
Hoa Lư,Ninh Bình
Nam Hoa Lư,Ninh Bình
Tam Điệp,Ninh Bình
Trung Sơn,Ninh Bình
Yên Sơn,Ninh Bình
Tây Hoa Lư,Ninh Bình
Đông Hoa Lư,Ninh Bình
Yên Thắng,Ninh Bình
Hàm Rồng,Thanh Hóa
Hạc Thành,Thanh Hóa
Bỉm Sơn,Thanh Hóa
Quang Trung,Thanh Hóa
Đông Tiến,Thanh Hóa
Nguyệt Viên,Thanh Hóa
Đông Sơn,Thanh Hóa
Đông Quang,Thanh Hóa
Nam Sầm Sơn,Thanh Hóa
Quảng Phú,Thanh Hóa
Sầm Sơn,Thanh Hóa
Tĩnh Gia,Thanh Hóa
Ngọc Sơn,Thanh Hóa
Tân Dân,Thanh Hóa
Hải Lĩnh,Thanh Hóa
Đào Duy Từ,Thanh Hóa
Trúc Lâm,Thanh Hóa
Hải Bình,Thanh Hóa
Nghi Sơn,Thanh Hóa
Thành Vinh,Nghệ An
Trường Vinh,Nghệ An
Vinh Phú,Nghệ An
Vinh Lộc,Nghệ An
Cửa Lò,Nghệ An
Thái Hòa,Nghệ An
Tây Hiếu,Nghệ An
Hoàng Mai,Nghệ An
Quỳnh Mai,Nghệ An
Tân Mai,Nghệ An
Vinh Hưng,Nghệ An
Thành Sen,Hà Tĩnh
Trần Phú,Hà Tĩnh
Bắc Hồng Lĩnh,Hà Tĩnh
Nam Hồng Lĩnh,Hà Tĩnh
Hà Huy Tập,Hà Tĩnh
Sông Trí,Hà Tĩnh
Hải Ninh,Hà Tĩnh
Vũng Áng,Hà Tĩnh
Hoành Sơn,Hà Tĩnh
Đồng Thuận,Quảng Trị
Đồng Sơn,Quảng Trị
Đồng Hới,Quảng Trị
Ba Đồn,Quảng Trị
Bắc Gianh,Quảng Trị
Đông Hà,Quảng Trị
Nam Đông Hà,Quảng Trị
Quảng Trị,Quảng Trị
Phú Xuân,Huế
Kim Long,Huế
Vỹ Dạ,Huế
Thuận Hóa,Huế
Hương An,Huế
Thủy Xuân,Huế
An Cựu,Huế
Phong Điền,Huế
Phong Phú,Huế
Phong Dinh,Huế
Phong Thái,Huế
Phong Quảng,Huế
Thuận An,Huế
Dương Nỗ,Huế
Mỹ Thượng,Huế
Phú Bài,Huế
Thanh Thủy,Huế
Hương Thủy,Huế
Hương Trà,Huế
Hóa Châu,Huế
Kim Trà,Huế
Hải Vân,Đà Nẵng
Liên Chiểu,Đà Nẵng
Hòa Khánh,Đà Nẵng
Thanh Khê,Đà Nẵng
Hải Châu,Đà Nẵng
Hòa Cường,Đà Nẵng
Cẩm Lệ,Đà Nẵng
Sơn Trà,Đà Nẵng
An Hải,Đà Nẵng
Ngũ Hành Sơn,Đà Nẵng
An Khê,Đà Nẵng
Hòa Xuân,Đà Nẵng
Bàn Thạch,Đà Nẵng
Tam Kỳ,Đà Nẵng
Hương Trà,Đà Nẵng
Quảng Phú,Đà Nẵng
Hội An Tây,Đà Nẵng
Hội An,Đà Nẵng
Hội An Đông,Đà Nẵng
Điện Bàn,Đà Nẵng
Điện Bàn Bắc,Đà Nẵng
An Thắng,Đà Nẵng
Điện Bàn Đông,Đà Nẵng
Cẩm Thành,Quảng Ngãi
Nghĩa Lộ,Quảng Ngãi
Trương Quang Trọng,Quảng Ngãi
Đức Phổ,Quảng Ngãi
Trà Câu,Quảng Ngãi
Sa Huỳnh,Quảng Ngãi
Đăk Cấm,Quảng Ngãi
Kon Tum,Quảng Ngãi
Đăk Bla,Quảng Ngãi
Quy Nhơn Bắc,Gia Lai
Quy Nhơn,Gia Lai
Quy Nhơn Tây,Gia Lai
Quy Nhơn Nam,Gia Lai
Quy Nhơn Đông,Gia Lai
Tam Quan,Gia Lai
Bồng Sơn,Gia Lai
Hoài Nhơn Bắc,Gia Lai
Hoài Nhơn Tây,Gia Lai
Hoài Nhơn,Gia Lai
Hoài Nhơn Đông,Gia Lai
Hoài Nhơn Nam,Gia Lai
Bình Định,Gia Lai
An Nhơn,Gia Lai
An Nhơn Bắc,Gia Lai
An Nhơn Đông,Gia Lai
An Nhơn Nam,Gia Lai
Diên Hồng,Gia Lai
Pleiku,Gia Lai
Thống Nhất,Gia Lai
Hội Phú,Gia Lai
An Phú,Gia Lai
An Bình,Gia Lai
An Khê,Gia Lai
Ayun Pa,Gia Lai
Bắc Nha Trang,Khánh Hòa
Nha Trang,Khánh Hòa
Tây Nha Trang,Khánh Hòa
Nam Nha Trang,Khánh Hòa
Bắc Cam Ranh,Khánh Hòa
Cam Ranh,Khánh Hòa
Ba Ngòi,Khánh Hòa
Cam Linh,Khánh Hòa
Ninh Hòa,Khánh Hòa
Đông Ninh Hòa,Khánh Hòa
Hòa Thắng,Khánh Hòa
Đô Vinh,Khánh Hòa
Bảo An,Khánh Hòa
Phan Rang,Khánh Hòa
Đông Hải,Khánh Hòa
Ninh Chử,Khánh Hòa
 Tuy Hòa,Đắk Lắk
 Bình Kiến,Đắk Lắk
 Sông Cầu,Đắk Lắk
 Xuân Đài,Đắk Lắk
  Phú Yên,Đắk Lắk
 Đông Hòa,Đắk Lắk
 Hòa Hiệp,Đắk Lắk
 Tân Lập,Đắk Lắk
 Buôn Ma Thuột,Đắk Lắk
 Thành Nhất,Đắk Lắk
 Tân An,Đắk Lắk
 Ea Kao,Đắk Lắk
 Buôn Hồ,Đắk Lắk
 Cư Bao,Đắk Lắk
Mũi Né,Lâm Đồng
Phú Thuỷ,Lâm Đồng
Hàm Thắng,Lâm Đồng
Phan Thiết,Lâm Đồng
Tiến Thành,Lâm Đồng
Bình Thuận,Lâm Đồng
Phước Hội,Lâm Đồng
La Gi,Lâm Đồng
Bắc Gia Nghĩa,Lâm Đồng
Nam Gia Nghĩa,Lâm Đồng
Đông Gia Nghĩa,Lâm Đồng
Lâm Viên - Đà Lạt,Lâm Đồng
Xuân Hương - Đà Lạt,Lâm Đồng
Cam Ly - Đà Lạt,Lâm Đồng
Xuân Trường - Đà Lạt,Lâm Đồng
2 Bảo Lộc,Lâm Đồng
1 Bảo Lộc,Lâm Đồng
B’Lao,Lâm Đồng
3 Bảo Lộc,Lâm Đồng
Lang Biang - Đà Lạt,Lâm Đồng
Bình Phước,Đồng Nai
Đồng Xoài,Đồng Nai
Phước Long,Đồng Nai
Phước Bình,Đồng Nai
Lộc Ninh,Đồng Nai
Bình Long,Đồng Nai
An Lộc,Đồng Nai
Tân Khai,Đồng Nai
Đồng Phú,Đồng Nai
Chơn Thành,Đồng Nai
Minh Hưng,Đồng Nai
Trảng Dài,Đồng Nai
Hố Nai,Đồng Nai
Tam Hiệp,Đồng Nai
Long Bình,Đồng Nai
Trấn Biên,Đồng Nai
Biên Hòa,Đồng Nai
Long Khánh,Đồng Nai
Bình Lộc,Đồng Nai
Bảo Vinh,Đồng Nai
Xuân Lập,Đồng Nai
Hàng Gòn,Đồng Nai
Tân Phú,Đồng Nai
Trị An,Đồng Nai
Tân Triều,Đồng Nai
Trảng Bom,Đồng Nai
Dầu Giây,Đồng Nai
Long Thành,Đồng Nai
Tam Phước,Đồng Nai
Phước Tân,Đồng Nai
Long Hưng,Đồng Nai
Xuân Lộc,Đồng Nai
Nhơn Trạch,Đồng Nai
Thủ Dầu Một,Hồ Chí Minh
Phú Lợi,Hồ Chí Minh
Bình Dương,Hồ Chí Minh
Phú An,Hồ Chí Minh
Chánh Hiệp,Hồ Chí Minh
Bến Cát,Hồ Chí Minh
Chánh Phú Hòa,Hồ Chí Minh
Long Nguyên,Hồ Chí Minh
Tây Nam,Hồ Chí Minh
Thới Hòa,Hồ Chí Minh
Hòa Lợi,Hồ Chí Minh
Tân Uyên,Hồ Chí Minh
Tân Khánh,Hồ Chí Minh
Vĩnh Tân,Hồ Chí Minh
Bình Cơ,Hồ Chí Minh
Tân Hiệp,Hồ Chí Minh
Dĩ An,Hồ Chí Minh
Tân Đông Hiệp,Hồ Chí Minh
Đông Hòa,Hồ Chí Minh
Lái Thiêu,Hồ Chí Minh
Thuận Giao,Hồ Chí Minh
An Phú,Hồ Chí Minh
Thuận An,Hồ Chí Minh
Bình Hòa,Hồ Chí Minh
Vũng Tàu,Hồ Chí Minh
Tam Thắng,Hồ Chí Minh
Rạch Dừa,Hồ Chí Minh
Phước Thắng,Hồ Chí Minh
Bà Rịa,Hồ Chí Minh
Long Hương,Hồ Chí Minh
Tam Long,Hồ Chí Minh
Phú Mỹ,Hồ Chí Minh
Tân Hải,Hồ Chí Minh
Tân Phước,Hồ Chí Minh
Tân Thành,Hồ Chí Minh
Tân Định,Hồ Chí Minh
Sài Gòn,Hồ Chí Minh
Bến Thành,Hồ Chí Minh
Cầu Ông Lãnh,Hồ Chí Minh
An Phú Đông,Hồ Chí Minh
Thới An,Hồ Chí Minh
Tân Thới Hiệp,Hồ Chí Minh
Trung Mỹ Tây,Hồ Chí Minh
Đông Hưng Thuận,Hồ Chí Minh
Linh Xuân,Hồ Chí Minh
Tam Bình,Hồ Chí Minh
Hiệp Bình,Hồ Chí Minh
Thủ Đức,Hồ Chí Minh
Long Bình,Hồ Chí Minh
Tăng Nhơn Phú,Hồ Chí Minh
Phước Long,Hồ Chí Minh
Long Phước,Hồ Chí Minh
Long Trường,Hồ Chí Minh
An Nhơn,Hồ Chí Minh
An Hội Đông,Hồ Chí Minh
An Hội Tây,Hồ Chí Minh
Gò Vấp,Hồ Chí Minh
Hạnh Thông,Hồ Chí Minh
Thông Tây Hội,Hồ Chí Minh
Bình Lợi Trung,Hồ Chí Minh
Bình Quới,Hồ Chí Minh
Bình Thạnh,Hồ Chí Minh
Gia Định,Hồ Chí Minh
Thạnh Mỹ Tây,Hồ Chí Minh
Tân Sơn Nhất,Hồ Chí Minh
Tân Sơn Hòa,Hồ Chí Minh
Bảy Hiền,Hồ Chí Minh
Tân Hòa,Hồ Chí Minh
Tân Bình,Hồ Chí Minh
Tân Sơn,Hồ Chí Minh
Tây Thạnh,Hồ Chí Minh
Tân Sơn Nhì,Hồ Chí Minh
Phú Thọ Hòa,Hồ Chí Minh
Phú Thạnh,Hồ Chí Minh
Tân Phú,Hồ Chí Minh
Đức Nhuận,Hồ Chí Minh
Cầu Kiệu,Hồ Chí Minh
Phú Nhuận,Hồ Chí Minh
An Khánh,Hồ Chí Minh
Bình Trưng,Hồ Chí Minh
Cát Lái,Hồ Chí Minh
Xuân Hòa,Hồ Chí Minh
Nhiêu Lộc,Hồ Chí Minh
Bàn Cờ,Hồ Chí Minh
Hòa Hưng,Hồ Chí Minh
Diên Hồng,Hồ Chí Minh
Vườn Lài,Hồ Chí Minh
Hòa Bình,Hồ Chí Minh
Phú Thọ,Hồ Chí Minh
Bình Thới,Hồ Chí Minh
Minh Phụng,Hồ Chí Minh
Xóm Chiếu,Hồ Chí Minh
Khánh Hội,Hồ Chí Minh
Vĩnh Hội,Hồ Chí Minh
Chợ Quán,Hồ Chí Minh
An Đông,Hồ Chí Minh
Chợ Lớn,Hồ Chí Minh
Phú Lâm,Hồ Chí Minh
Bình Phú,Hồ Chí Minh
Bình Tây,Hồ Chí Minh
Bình Tiên,Hồ Chí Minh
Chánh Hưng,Hồ Chí Minh
Bình Đông,Hồ Chí Minh
Phú Định,Hồ Chí Minh
Bình Hưng Hòa,Hồ Chí Minh
Bình Tân,Hồ Chí Minh
Bình Trị Đông,Hồ Chí Minh
Tân Tạo,Hồ Chí Minh
An Lạc,Hồ Chí Minh
Tân Hưng,Hồ Chí Minh
Tân Thuận,Hồ Chí Minh
Phú Thuận,Hồ Chí Minh
Tân Mỹ,Hồ Chí Minh
Tân Ninh,Tây Ninh
Bình Minh,Tây Ninh
Ninh Thạnh,Tây Ninh
Long Hoa,Tây Ninh
Thanh Điền,Tây Ninh
Hòa Thành,Tây Ninh
Gò Dầu,Tây Ninh
Gia Lộc,Tây Ninh
Trảng Bàng,Tây Ninh
An Tịnh,Tây Ninh
Long An,Tây Ninh
Tân An,Tây Ninh
Khánh Hậu ,Tây Ninh
Kiến Tường,Tây Ninh
Đạo Thạnh,Đồng Tháp
Mỹ Tho,Đồng Tháp
Thới Sơn,Đồng Tháp
Mỹ Phong,Đồng Tháp
Trung An,Đồng Tháp
Long Thuận,Đồng Tháp
Gò Công,Đồng Tháp
Bình Xuân,Đồng Tháp
Mỹ Phước Tây,Đồng Tháp
Thanh Hòa,Đồng Tháp
Cai Lậy,Đồng Tháp
Nhị Quý,Đồng Tháp
Sơn Qui,Đồng Tháp
Cao Lãnh,Đồng Tháp
Mỹ Ngãi,Đồng Tháp
Mỹ Trà,Đồng Tháp
Sa Đéc,Đồng Tháp
An Bình,Đồng Tháp
Hồng Ngự,Đồng Tháp
Thường Lạc,Đồng Tháp
Phú Khương,Vĩnh Long
An Hội,Vĩnh Long
Sơn Đông,Vĩnh Long
Bến Tre,Vĩnh Long
Phú Tân,Vĩnh Long
Trà Vinh,Vĩnh Long
Nguyệt Hóa,Vĩnh Long
Long Đức,Vĩnh Long
Hòa Thuận,Vĩnh Long
Duyên Hải,Vĩnh Long
Trường Long Hòa,Vĩnh Long
Long Châu,Vĩnh Long
Phước Hậu,Vĩnh Long
Tân Ngãi,Vĩnh Long
Thanh Đức,Vĩnh Long
Tân Hạnh,Vĩnh Long
Cái Vồn,Vĩnh Long
Bình Minh,Vĩnh Long
Đông Thành,Vĩnh Long
Bình Đức,An Giang
Mỹ Thới,An Giang
Long Xuyên,An Giang
Châu Đốc,An Giang
Vĩnh Tế,An Giang
Tân Châu,An Giang
Long Phú,An Giang
Thới Sơn,An Giang
Chi Lăng,An Giang
Tịnh Biên,An Giang
Rạch Giá,An Giang
Vĩnh Thông,An Giang
Tô Châu,An Giang
Hà Tiên,An Giang
Cái Khế,Cần Thơ
Ninh Kiều,Cần Thơ
Tân An,Cần Thơ
An Bình,Cần Thơ
Ô Môn,Cần Thơ
Thới Long,Cần Thơ
Phước Thới,Cần Thơ
Bình Thủy,Cần Thơ
Thới An Đông,Cần Thơ
Long Tuyền,Cần Thơ
Cái Răng,Cần Thơ
Hưng Phú,Cần Thơ
Thốt Nốt,Cần Thơ
Tân Lộc,Cần Thơ
Trung Nhứt,Cần Thơ
Thuận Hưng,Cần Thơ
Vị Thanh,Cần Thơ
Vị Tân,Cần Thơ
Ngã Bảy,Cần Thơ
Đại Thành,Cần Thơ
Long Mỹ  ,Cần Thơ
Long Bình,Cần Thơ
Long Phú 1,Cần Thơ
Sóc Trăng,Cần Thơ
Phú Lợi,Cần Thơ
Mỹ Xuyên,Cần Thơ
Ngã Năm,Cần Thơ
Mỹ Quới,Cần Thơ
Vĩnh Châu,Cần Thơ
Khánh Hòa,Cần Thơ
Vĩnh Phước,Cần Thơ
Bạc Liêu,Cà Mau
Vĩnh Trạch,Cà Mau
Hiệp Thành,Cà Mau
Giá Rai,Cà Mau
Láng Tròn,Cà Mau
An Xuyên,Cà Mau
Lý Văn Lâm,Cà Mau
Tân Thành,Cà Mau
Hòa Thành,Cà Mau
