id,author,webVideoUrl,title,snippet
7006467767717203206,,https://www.tiktok.com/@/_sauce90/video/7006467767717203206,TikTok,TikTok for GoodAdvertiseSell on TikTok ShopTikTok LIVE Creator NetworksDevelopersTransparencyTikTok EmbedsSoundOn Music DistributionTikTok LiveTikTok Shop
7345623727712914720,,https://www.tiktok.com/@/video/7345623727712914720,TikTok - Make Your Day,Log in to TikTok This post may not be comfortable for some audiences. Log in to make the most of your experience.
7208702356110740742,,https://support16-normal-useast1a.tiktok.com/@/video/7208702356110740742,support16-normal-useast1a.tiktok.com,support16-normal-useast1a.tiktok.com
7433222365355478302,,https://www.tiktok.com/@/video/7433222365355478302,I've never made banana bread before but i KNOW it shouldn ... - TikTok,"1.7M Likes, 14.1K Comments. TikTok video from claire tablizo (@clairetablizo): ""I've never made banana bread before but i KNOW it shouldn't look like that"". original sound - stevies_angelsx."
7351442422016052512,londonxldn,https://www.tiktok.com/@londonxldn/video/7351442422016052512,Welcome to London x London Area Guides: Dulwich Edition! Dulwich is an idyllic South London neighbourhood that has a nice balance of peace and action. ✨Save this for your next day out in Dulwich!✨ 🖼️ See amazing art at @dulwichgallery 🌳 Stroll around the beauty that is Dulwich park 🍽️ Grab coffee and fresh food at @spinacheastdulwich 🎨 Admire worldly collections and play with animals at @hornimanmuseumgardens ✨ Have lunch and decompress at @oru_space #thingstodoinlondon #funactivitiesinlondon #londonxlondon #londonhistory #explorelondon #discoverlondon #londonfacts #prettylittlelondon #visitlondon #secretlondon #hiddengemsinlondon #londonhiddensecrets #londonareaguides #dulwich #dulwichvillage #southlondon | TikTok,"TikTok video from London | Do, Eat, Explore (@londonxldn)"
7212410281174011141,maxdacabdriver,https://www.tiktok.com/@maxdacabdriver/video/7212410281174011141,"Had an amazing experience at #thewoodhouse #dulwich The Wood House Dulwich and I just had to share it with you! The food was absolutely delicious, and the staff were so friendly and welcoming. I couldn't have asked for a better dining experience. If you're looking for a place to eat in Dulwich, I highly recommend The Wood House. Trust me, you won't be disappointed! #amazingexperience #food #staff #dulwich #londonfood #foodie #foodporn #restaurant #pub #goodfood #yum #delicious #foodlover #foodstagram #instafood #foodgasm #foodphotography #foodblogger #foodpics #foodoftheday #foodlovers #foodcoma #foodielife #foodislife #foodblog #foodgram #foodheaven #foodforthought | TikTok","43 Likes, TikTok video from Max da cab driver (@maxdacabdriver): “Had an amazing experience at #thewoodhouse #dulwich The Wood House Dulwich and I just had to share it with you!"
7489477023849581847,georgeinlondon,https://www.tiktok.com/@georgeinlondon/video/7489477023849581847,"Explore Dulwich Village w/ me 😊🦋🌻 Picked up a @Zipcar UK one-way Flex in the morning for a day of exploring a new neighborhood (to me) in London. It’s v easy to use—just find the blue pins on the Zipcar app. LOVED exploring this cute area, and it’s one I’d be keen to explore more this year. Do you have any Dulwich recommendations? #ad #zipcar #whattodoinlondon #londonguide #dulwichvillage #dulwich #weekendsinlondon | TikTok","353 Likes, 21 Comments. TikTok video from George In London (@georgeinlondon): “Explore Dulwich Village w/ me 😊🦋🌻 Picked up a @Zipcar UK one-way Flex in the morning for a day of exploring a new neighborhood (to me) in London. It’s v easy to use—just find the blue pins on the Zipcar app."
7320221393180790049,respirandolondra,https://www.tiktok.com/@respirandolondra/video/7320221393180790049,Dulwich Hamlet Fc #dulwich #dulwichhamlet #thehamlet #championhill #dhfc #nonleague #nonleaguefootball #nonleaguegrounds #nonleaguefans #nonleaguefooty #nonleaguefootballgrounds #nonleaguematters #calcioinglese #ilcalcioinglese #englishfootball #dulwichhamletfootballclub #isthmian #isthmianleague #isthmianpremierleague #nonleagueground #nonleagueday #nonleaguecrowds #againstmodernfootball | TikTok,TikTok video from RespirandoLondra (@respirandolondra)
7216277687441067270,socceram,https://www.tiktok.com/@socceram/video/7216277687441067270,Dulwich Hamlet's volleys in Soccer AM Versus 💥 #fyp #foryoupage #soccer #football #soccerAM #challenge #volley #goals #dulwichhamlet | TikTok,TikTok video from Soccer AM (@socceram)
7470274605895372078,,https://www.tiktok.com/@/video/7470274605895372078,TikTok - Make Your Day,"This account is private Looking for videos? Try browsing our trending creators, hashtags, and sounds."
7044390184313507118,,https://www.tiktok.com/@/video/7044390184313507118,TikTok - Make Your Day,"Video currently unavailable Looking for videos? Try browsing our trending creators, hashtags, and sounds."
6967976051179932929,,https://www.tiktok.com/@/video/6967976051179932929,TikTok - Make Your Day,"Video currently unavailable Looking for videos? Try browsing our trending creators, hashtags, and sounds."
6925497998071860485,,https://www.tiktok.com/@/video/6925497998071860485/,TikTok - Make Your Day,ไม่มีหน้านี้อยู่ ขออภัยด้วย โปรดลองอีกครั้งในภายหลัง ลอง ...
7465695004439104801,lg_dulwich,https://www.tiktok.com/@lg_dulwich/video/7465695004439104801,TikTok - Make Your Day,We cannot provide a description for this page right now
7401117890465910049,londonrepointing,https://www.tiktok.com/@londonrepointing/video/7401117890465910049,Another beautiful transformation in Dulwich 🧱🏠👷♂️#periodhome #victorianhouse #brickrestoration #housesoftiktok #restoration #brickcleaning #repointing #houseimprovements #ukproperty #homeinspirationuk | TikTok,"Traditional craftsmanship. Attention to detail. Built to last. 📍 Melbourne Grove, East Dulwich 🏠 London Repointing #BeforeAndAfter #LondonRepointing #BrickRestoration #Repointing #TuckPointing"
7256725532887272730,londonrepointing,https://www.tiktok.com/@londonrepointing/video/7256725532887272730,Part 2 of our pebbledash removal project in Dulwich 🧱🧱 #ukhouserenovation #restoration #repointing #periodhome #brickcleaning #brickrestoration #pebbledashremoval | TikTok,"Traditional craftsmanship. Attention to detail. Built to last. 📍 Melbourne Grove, East Dulwich 🏠 London Repointing #BeforeAndAfter #LondonRepointing #BrickRestoration #Repointing #TuckPointing"
7439120939050077472,hiddengemslondon,https://www.tiktok.com/@hiddengemslondon/video/7439120939050077472,Discover Dulwich: A Hidden Gem in South London,TikTok video from hiddengemslondon (@hiddengemslondon)
7656187741667085590,dulwichhamletfc,https://www.tiktok.com/@dulwichhamletfc/video/7656187741667085590,HIGHLIGHTS | Welling United 2-0 Dulwich Hamlet,Dulwich Hamlet FC · dulwichhamletfc · 177Following · 15.8KFollowers · 542.6KLikes · Official TikTok of Dulwich Hamlet FC #DHFC💖💙 · app.fanbaseclub.com/Fan/SeasonTickets/SelectClubTicket?saleWindowId=222&clubId=123
7403021034569420065,jensennotbutton,https://www.tiktok.com/@jensennotbutton/video/7403021034569420065,Navigating Non-League Football Experience at Dulwich ...,TikTok video from Jensen (@jensennotbutton)
7622301968895446294,zannavandijk,https://www.tiktok.com/@zannavandijk/video/7622301968895446294,"📍 How to spend a day in Dulwich, London 🇬🇧 Dulwich is such ...",Zanna van Dijk · zannavandijk · 356Following · 106.1KFollowers · 4.3MLikes · Your tall outdoorsy-ish bestie ✨ London | Fitness | Hiking | Travel & navigating my 30s · www.zannavandijk.co.uk
7527969794285407493,,https://www.tiktok.com/video/7527969794285407493,TikTok,4 0 4 Couldn't find this page Check out more trending videos on TikTok Watch now
7612982828782882069,,https://www.tiktok.com/video/7612982828782882069,TikTok,TikTok ... TikTok
7513095756098653447,xe.tiktok.com,https://www.tiktok.com/@xe.tiktok.com/video/7513095756098653447,វីដេអូរបស់ ! (@xe.tiktok.com) ជាមួយ оригинальный звук - 11 ...,.'s short video with ♬ оригинальный звук
7471313349448305950,,https://www.tiktok.com/video/7471313349448305950,302 Found - TikTok,302 Found 302 Found TLB
7645447156903611668,quocdong396,https://www.tiktok.com/@quocdong396/video/7645447156903611668,#duet cùng @Mộc Tourist #dulich | TikTok,"May 29, 2026 - TikTok video from Quốc Đông (@quocdong396): “#duet cùng @Mộc Tourist #dulich”. âm thanh gốc - Mộc Tourist."
7632688668750253320,dulich.lgbt,https://www.tiktok.com/@dulich.lgbt/video/7632688668750253320,Bản góc Du lịch LGBT #lgbt🌈 #dulichlgbt🌈 #dulich #gócsángtạo | TikTok,"April 25, 2026 - TikTok video from Du Lịch LGBT (@dulich.lgbt)"
7592573397759184136,newgen.dulich,https://www.tiktok.com/@newgen.dulich/video/7592573397759184136,Lưu ngay vào list điểm nhất định phải ghé khi tới Ninh Bình nhaaa #travel #ninhbinh #thungui #danvienchauson #daokhecoc | TikTok,"January 6, 2026 - TikTok video from Seo lơ ngành du lịch✈️ (@newgen.dulich)"
7646387509689060616,trandong219,https://www.tiktok.com/@trandong219/video/7646387509689060616,Đi hết cả Nam Du 💚 #namdu #xuhuong #dulich #fyp #viral | TikTok,TikTok video from Trần Đông Nam Du (@trandong219): “Đi hết cả Nam Du 💚 #namdu #xuhuong #dulich #fyp #viral”. âm thanh gốc - Trần Đông Nam Du.
7404089412038036769,user2724833552849,https://www.tiktok.com/@user2724833552849/video/7404089412038036769,#cảnh đẹp thiên nhiên #canhđepcuathiennhien #review dulich ...,"TikTok - trends start here. On a device or on the web, viewers can watch and discover millions of personalized short videos. Download the app to get started."
7572431757073468679,dulichwithduly,https://www.tiktok.com/@dulichwithduly/video/7572431757073468679,"Nghĩ tới cảnh chụp hình với background lá vàng sau lưng mà mê mấy bà ơiii 😝😝 Nam Kinh vẫy gọiii ròi e nè, Tháng 12 zá có 14.990 thoai á chài #dulytravel #dulyshanghai #nanjing #tourmuathu #higotravel | TikTok",TikTok video from Duly Travel ✈️ (@dulichwithduly)
7645517918691790100,sungly8686,https://www.tiktok.com/@sungly8686/video/7645517918691790100,#nkaujhmoob #taybac #canhdep #dulich #binhyen | TikTok,"May 30, 2026 - 263 Likes, TikTok video from Seo Súng (@sungly8686): “#nkaujhmoob #taybac #canhdep #dulich #binhyen”. Canh Dep. âm thanh gốc - Seo Súng."
7293014374107680007,88205pham,https://www.tiktok.com/@88205pham/video/7293014374107680007,Du lịch bắc cực online #phamthac #xh #CapCut #dulichonline #dulichbaccuconline | TikTok,TikTok video from Phạm Thạc (@88205pham)
7648653192032734484,hatrang_ah,https://www.tiktok.com/@hatrang_ah/video/7648653192032734484,#checkin #quangngai #chuathienan #dulich #canhdep | TikTok,"June 7, 2026 - 201 Likes, TikTok video from Nguyễn Thị Hà Trang (@hatrang_ah): “#checkin #quangngai #chuathienan #dulich #canhdep”. âm thanh gốc - Sang Sang Ơi ."
7534067472438430983,kimhuynhwild,https://www.tiktok.com/@kimhuynhwild/video/7534067472438430983,#dulich | TikTok,"Aug 2, 2025 · 257 Lượt thích,Video TikTok từ Kim Huynh (@kimhuynhwild): ""#dulich"".Đừng sợ ngồi yên để tui chèo bè cho ! Chết cha có cá sấu nhạc nền - Kim Huynh."
7672620565416414471,dulich.lgbt,https://www.tiktok.com/@dulich.lgbt/video/7672620565416414471,Du lịch LGBT #dulich #lgbt #dulichlgbt #travel ... - TikTok,"32 Lượt thích,Video TikTok từ Du Lịch LGBT (@dulich.lgbt): ""Du lịch LGBT #dulich #lgbt #dulichlgbt🌈 #travel #travellgbt"".nhạc nền - 𝕮𝖆̉𝖓𝖍𝕳𝖕 ️ ️ - 𝑪𝟐𝑲 ️ ️."
7431677811045305642,harena.nguyen,https://www.tiktok.com/@harena.nguyen/video/7431677811045305642,#travel #dulich #resort #cancun | TikTok,TikTok video from Harena (@harena.nguyen)
